,movie_id,product_productid,summary,Type,Year,Director,countries,title.y,image_url
0,355,B00005JNS0,899,Animation,2006,John Lasseter,USA,Cars (Single-Disc Widescreen Edition),http://ecx.images-amazon.com/images/I/51YP4C-LjhL.jpg
1,419,B000H7I6CU,896,Animation,2006,John Lasseter,USA,Cars (Spanish Language Widescreen Edition),http://ecx.images-amazon.com/images/I/61CH5K9111L.jpg
2,407,B0009XRZ9M,865,Animation,2004,Robert Zemeckis,USA,The Polar Express (Two-Disc Widescreen Edition),http://ecx.images-amazon.com/images/I/51LjYxhpxWL.jpg
3,427,B000M341QE,847,Crime,2006,Martin Scorsese,USA,The Departed (Single-Disc Widescreen Edition),http://ecx.images-amazon.com/images/I/51RZnzpL34L.jpg
4,454,B001UV4XI8,832,Adventure,2010,David Yates,UK,"Harry Potter and the Deathly Hallows, Part 1 [Blu-ray]",http://ecx.images-amazon.com/images/I/61DCydPSjmL.jpg
5,356,B00005JNTX,829,Crime,2005,Frank Miller,USA,Sin City,http://ecx.images-amazon.com/images/I/51NX87AG89L.jpg
6,371,B00005JPI2,826,Adventure,2007,David Yates,UK,Harry Potter and the Order of the Phoenix (Two-Disc Special Edition),http://ecx.images-amazon.com/images/I/51W8PCJwq-L.jpg
7,439,B00118T63C,819,Crime,2007,Ethan Coen,USA,No Country for Old Men,http://ecx.images-amazon.com/images/I/51U1qJ70-ML.jpg
8,440,B0016RDEH2,784,Drama,2006,Guillermo del Toro,Spain,Pan's Labyrinth (El Laberinto del Fauno) 2 Disc Set [PAL/REGION 4 DVD. Import-Australia],http://ecx.images-amazon.com/images/I/31YHNa6uf3L.jpg
9,365,B00005JPA6,783,Drama,2006,Guillermo del Toro,Spain,Pan's Labyrinth (New Line Two-Disc Platinum Series),http://ecx.images-amazon.com/images/I/51B-qQWhJUL.jpg
10,401,B000683VI4,777,Drama,2004,Nick Cassavetes,USA,The Notebook (2004),http://ecx.images-amazon.com/images/I/51ZXkAJNYWL.jpg
11,435,B000WSLAUO,774,Drama,2006,Guillermo del Toro,Spain,Pan's Labyrinth [Blu-ray],http://ecx.images-amazon.com/images/I/51Cuh2g5CXL.jpg
12,436,B000YMM3CC,767,Drama,2004,Nick Cassavetes,USA,The Notebook,http://ecx.images-amazon.com/images/I/51umIyoNsHL.jpg
13,424,B000J10ER4,731,Action,2006,Bryan Singer,USA,Superman Returns (Full Screen Edition),http://ecx.images-amazon.com/images/I/51zX6exsH8L.jpg
14,423,B000J10EQU,730,Action,2006,Bryan Singer,USA,Superman Returns (Widescreen Edition),http://ecx.images-amazon.com/images/I/51teKszGIbL.jpg
15,361,B00005JOFQ,709,Drama,2005,Ang Lee,USA,Brokeback Mountain (Widescreen Edition),http://ecx.images-amazon.com/images/I/51TGWD8STCL.jpg
16,373,B00005JPS8,669,Action,2008,Jon Favreau,USA,Iron Man (Ultimate 2 Disc Edition),http://ecx.images-amazon.com/images/I/515wjJQt2nL.jpg
17,405,B0009PLLN6,659,Action,2004,Oliver Stone,Germany,Alexander,http://ecx.images-amazon.com/images/I/51N3MVJKX6L.jpg
18,394,B00023JH3Q,655,Adventure,2004,Wolfgang Petersen,USA,Troy [VHS],
19,314,B00004RR4D,653,Adventure,1985,Robert Zemeckis,USA,Back to the Future [VHS],http://ecx.images-amazon.com/images/I/31wzbhYlEcL.jpg
20,404,B0009KA7BS,650,Drama,2005,Francis Lawrence,USA,Constantine (Two-Disc Deluxe Edition),http://ecx.images-amazon.com/images/I/31hsLSPwNzL.jpg
21,105,B00000AA6C,644,Biography,1965,Robert Wise,USA,The Sound of Music [VHS],http://ecx.images-amazon.com/images/I/2146JV1243L.jpg
22,445,B001F6PZVM,622,Drama,2004,Michel Gondry,USA,Eternal Sunshine Of The Spotless Mind (Eterno Resplandor De Una Mente Sin Recuerdos) [NTSC/REGION 1 & 4 DVD.Import-Latin America],http://ecx.images-amazon.com/images/I/51cJZonZFqL.jpg
23,411,B000B8X2W4,621,Action,2005,Ridley Scott,USA,Kingdom of Heaven,http://ecx.images-amazon.com/images/I/51e24zxoXqL.jpg
24,408,B000A896J8,620,Action,2005,Ridley Scott,USA,Kingdom of Heaven [Region 2],http://ecx.images-amazon.com/images/I/31V2WN9WG9L.jpg
25,345,B00005JMJG,615,Drama,2004,Michel Gondry,USA,Eternal Sunshine Of The Spotless Mind,http://ecx.images-amazon.com/images/I/514OzmJcYoL.jpg
26,409,B000AM6MMS,611,Action,2005,Ridley Scott,USA,Kingdom of Heaven [VHS],http://ecx.images-amazon.com/images/I/51RCME7MYVL.jpg
27,359,B00005JO1X,610,Adventure,2005,Andrew Adamson,USA,"The Chronicles of Narnia - The Lion, the Witch and the Wardrobe (Full Screen Edition)",http://ecx.images-amazon.com/images/I/510WHE9WZBL.jpg
28,231,B00003CXCQ,606,Animation,1937,William Cottrell,USA,Snow White and the Seven Dwarfs (Disney Special Platinum Edition),http://ecx.images-amazon.com/images/I/516316Z3RGL.jpg
29,453,B001UV4XFG,604,Adventure,2010,David Slade,USA,The Twilight Saga: Eclipse (Two-Disc Special Edition),http://ecx.images-amazon.com/images/I/51UUNZb4g2L.jpg
30,372,B00005JPO1,599,Action,2008,Steven Spielberg,USA,Indiana Jones and the Kingdom of the Crystal Skull (Two-Disc Special Edition),http://ecx.images-amazon.com/images/I/51Mf5WcGqdL.jpg
31,452,B001UV4XEW,589,Comedy,2009,Todd Phillips,USA,The Hangover (Unrated Edition) [Blu-ray],http://ecx.images-amazon.com/images/I/51uQI4UyfDL.jpg
32,417,B000FS9FC6,569,Action,2005,James McTeigue,USA,V for Vendetta (Full Screen Edition),http://ecx.images-amazon.com/images/I/51CJXS58BKL.jpg
33,307,B00004R6XB,562,Drama,1946,Frank Capra,USA,It's a Wonderful Life [VHS],http://ecx.images-amazon.com/images/I/41GYobvgh-L.jpg
34,347,B00005JMXX,561,Action,2004,Roland Emmerich,USA,The Day After Tomorrow (Widescreen Edition),http://ecx.images-amazon.com/images/I/51JSE1F1G9L.jpg
35,406,B0009PRU6S,558,Adventure,2005,Mike Newell,UK,Harry Potter and the Goblet of Fire,http://ecx.images-amazon.com/images/I/31G%2BZLLMzdL.jpg
36,386,B0000A30NA,545,Action,2003,Edward Zwick,USA,The Last Samurai [VHS],
37,395,B0002KVUKM,543,Action,2004,Stephen Sommers,USA,Van Helsing (Widescreen Edition),http://ecx.images-amazon.com/images/I/51TZF41RMYL.jpg
38,400,B00064LJVE,533,Drama,2004,M. Night Shyamalan,USA,The Village,http://ecx.images-amazon.com/images/I/51DS3WMWZQL.jpg
39,254,B00003CXZ3,529,Mystery,2000,Christopher Nolan,USA,Memento [VHS],http://ecx.images-amazon.com/images/I/5121DQW0YVL.jpg
40,308,B00004R74U,528,Comedy,1998,Joel Coen,USA,The Big Lebowski [VHS],http://ecx.images-amazon.com/images/I/51ZyDSGa24L.jpg
41,241,B00003CXP0,525,Drama,2000,Darren Aronofsky,USA,Requiem for a Dream (Unrated Edition) [VHS],http://ecx.images-amazon.com/images/I/51A0997K7QL.jpg
42,95,B000007P8Z,509,Animation,2009,Robert Zemeckis,USA,A Christmas Carol [VHS],http://ecx.images-amazon.com/images/I/41fCtz8PZlL.jpg
43,224,B00003CX95,508,Biography,1995,Mel Gibson,USA,Braveheart,http://ecx.images-amazon.com/images/I/5105UkCjICL.jpg
44,349,B00005JMZK,506,Action,2004,Paul W.S. Anderson,USA,AVP: Alien vs. Predator (Widescreen Edition),http://ecx.images-amazon.com/images/I/5120XT9M4YL.jpg
45,251,B00003CXXM,485,Action,2002,Doug Liman,USA,The Bourne Identity (Widescreen Collector's Edition),http://ecx.images-amazon.com/images/I/51HFMGJXMTL.jpg
46,188,B00000JKNP,483,Comedy,1983,Bob Clark,USA,A Christmas Story (1983) [VHS],http://ecx.images-amazon.com/images/I/51S0GPD2SCL.jpg
47,291,B00004CMH8,480,Drama,1942,Michael Curtiz,USA,Casablanca [VHS],http://ecx.images-amazon.com/images/I/31JoseQge0L.jpg
48,325,B000056HRZ,479,Drama,1942,Michael Curtiz,USA,Casablanca [VHS],http://ecx.images-amazon.com/images/I/517WV96DQTL.jpg
49,66,B000006AXC,477,Action,1997,Luc Besson,France,The Fifth Element [VHS],http://ecx.images-amazon.com/images/I/51mW2SIHA8L.jpg
50,296,B00004CQCH,475,Crime,1994,Quentin Tarantino,USA,Pulp Fiction [VHS],http://ecx.images-amazon.com/images/I/51f5FeSkF4L.jpg
51,441,B0017H5EAQ,473,Crime,1994,Quentin Tarantino,USA,Pulp Fiction (Tiempos Violentos) [NTSC/REGION 1 & 4 DVD. Import-Latin America],http://ecx.images-amazon.com/images/I/41nyaWgWXjL.jpg
52,282,B00004CJQD,472,Action,2001,Tim Burton,USA,Planet of the Apes [VHS],http://ecx.images-amazon.com/images/I/41HXnDf%2Bf3L.jpg
53,317,B00004RX91,465,Comedy,1999,Mike Judge,USA,Office Space [VHS],http://ecx.images-amazon.com/images/I/51FQ91P5BWL.jpg
54,162,B00000I4XR,463,Adventure,1975,Steven Spielberg,USA,Jaws (Full Screen Anniversary Collector's Edition),http://ecx.images-amazon.com/images/I/21RDB0WKYSL.jpg
55,410,B000B7QAHO,461,Adventure,2005,Tim Burton,USA,Charlie and the Chocolate Factory,http://ecx.images-amazon.com/images/I/51A4sLDnbwL.jpg
56,332,B00005JKDQ,457,Animation,2001,Pete Docter,USA,"Monsters, Inc. [VHS]",http://ecx.images-amazon.com/images/I/519J5BTAN0L.jpg
57,412,B000BHZ2BO,456,Documentary,2005,Luc Jacquet,France,March of the Penguins,http://ecx.images-amazon.com/images/I/51AX4S4PHDL.jpg
58,289,B00004CLDC,447,Biography,1990,Martin Scorsese,USA,GoodFellas [VHS],http://ecx.images-amazon.com/images/I/31%2BMTxeFrHL.jpg
59,442,B00186E254,445,Adventure,2005,Tim Burton,USA,Charlie And The Chocolate Factory [UMD for PSP],http://ecx.images-amazon.com/images/I/414EfeeAgPL.jpg
60,331,B00005IC54,442,Action,1999,Troy Duffy,Canada,The Boondock Saints  [IMPORT],http://ecx.images-amazon.com/images/I/51loQPRXTSL.jpg
61,178,B00000IQBM,439,Drama,1980,Stanley Kubrick,USA,The Shining [VHS],http://ecx.images-amazon.com/images/I/41F55SRS24L.jpg
62,398,B0002ZDVEU,438,Action,2004,Paul Greengrass,USA,The Bourne Supremacy (Widescreen Edition),http://ecx.images-amazon.com/images/I/51H2QD8RJ8L.jpg
63,360,B00005JOC9,434,Mystery,2006,Ron Howard,USA,The Da Vinci Code (Widescreen Two-Disc Special Edition),http://ecx.images-amazon.com/images/I/51SLBDLMtIL.jpg
64,243,B00003CXR3,433,Action,2000,Ang Lee,Taiwan,"Crouching Tiger, Hidden Dragon [VHS]",http://ecx.images-amazon.com/images/I/51G39T50SDL.jpg
65,428,B000MMMT9G,432,Comedy,2006,Larry Charles,USA,Borat: Cultural Learnings of America for Make Benefit Glorious Nation of Kazakhstan,http://ecx.images-amazon.com/images/I/51uGbGa68JL.jpg
66,455,B0026127Y8,430,Action,2008,Pierre Morel,France,Taken (Extended Cut),http://ecx.images-amazon.com/images/I/41Hl0tVYpqL.jpg
67,433,B000UJ48WC,429,Drama,1980,Stanley Kubrick,USA,The Shining [Blu-ray],http://ecx.images-amazon.com/images/I/51cfRpZTfVL.jpg
68,426,B000KKQNRO,428,Mystery,2006,Ron Howard,USA,The Da Vinci Code,http://ecx.images-amazon.com/images/I/514Ojznxn0L.jpg
69,434,B000VBJEEG,424,Animation,2007,Brad Bird,USA,Ratatouille,http://ecx.images-amazon.com/images/I/511pMVAwuAL.jpg
70,467,B009NQKPUW,423,Adventure,2012,Ridley Scott,USA,Prometheus,http://ecx.images-amazon.com/images/I/51G04gaEpqL.jpg
71,466,B009AJD5E0,422,Adventure,2012,Ridley Scott,USA,Prometheus,http://ecx.images-amazon.com/images/I/51G04gaEpqL.jpg
72,341,B00005JM0B,421,Action,2003,Jonathan Mostow,USA,Terminator 3: Rise of the Machines (Two-Disc Widescreen Edition),http://ecx.images-amazon.com/images/I/5143TFPX8SL.jpg
73,465,B0085Z8F4A,418,Adventure,2012,Ridley Scott,USA,Prometheus (Blu-ray 3D/ Blu-ray/ DVD/ Digital Copy),http://ecx.images-amazon.com/images/I/51LgMTLgjVL.jpg
74,358,B00005JO1R,416,Biography,2005,James Mangold,USA,Walk the Line (Two-Disc Special Edition),http://ecx.images-amazon.com/images/I/516KRC47GAL.jpg
75,393,B000227EO6,415,Action,2004,Quentin Tarantino,USA,Vol. 2,http://ecx.images-amazon.com/images/I/51b32dT1o%2BL.jpg
76,459,B003FBNJ4U,413,Crime,2011,David Fincher,USA,The Girl with the Dragon Tattoo,http://ecx.images-amazon.com/images/I/51EkmrbFeML.jpg
77,384,B00008W64D,412,Action,2003,Peter Weir,USA,Master and Commander: The Far Side of the World [VHS],
78,248,B00003CXT9,409,Action,2001,Stephen Sommers,USA,The Mummy Returns [VHS],http://ecx.images-amazon.com/images/I/51YM6JP8FYL.jpg
79,169,B00000ILDF,408,Documentary,1992,,UK,Alien 3,http://ecx.images-amazon.com/images/I/41JDGPK1VML.jpg
80,403,B0006SSOHC,407,Horror,2004,James Wan,USA,Saw,http://ecx.images-amazon.com/images/I/512VB0KB5XL.jpg
81,369,B00005JPFH,405,Documentary,2007,,USA,Spider-Man 3 (2-Disc Special Edition),http://ecx.images-amazon.com/images/I/514AFTTsKkL.jpg
82,335,B00005JKYX,404,Action,2002,Chuck Russell,USA,The Scorpion King (Widescreen Collector's Edition),http://ecx.images-amazon.com/images/I/51FKQGYWQ7L.jpg
83,263,B00004CI31,403,Biography,1984,Milos Forman,USA,Amadeus [VHS],http://ecx.images-amazon.com/images/I/51VyjPslqQL.jpg
84,327,B000058CAQ,402,Action,2003,Len Wiseman,UK,Underworld [VHS],
85,421,B000HT3Q0A,401,Horror,1982,John Carpenter,USA,The Thing [HD DVD],http://ecx.images-amazon.com/images/I/51CVW5MTMVL.jpg
86,364,B00005JP0F,400,Action,2006,Gore Verbinski,USA,Pirates of the Caribbean: Dead Man's Chest (Two-Disc Collector's Edition),http://ecx.images-amazon.com/images/I/51GQE7TQ72L.jpg
87,249,B00003CXTA,399,Action,2001,Stephen Sommers,USA,The Mummy Returns (Widescreen Collector's Edition),http://ecx.images-amazon.com/images/I/51X1EN30E8L.jpg
88,304,B00004D07X,397,Horror,1982,John Carpenter,USA,The Thing,http://ecx.images-amazon.com/images/I/51UIwPSwZ1L.jpg
89,385,B00009OOFA,396,Drama,2003,Ron Maxwell,USA,Gods and Generals,http://ecx.images-amazon.com/images/I/518n21yZD8L.jpg
90,387,B0000AMRJB,395,Crime,1983,Brian De Palma,USA,Scarface (Anniversary Edition) [VHS],http://ecx.images-amazon.com/images/I/417QH454E9L.jpg
91,312,B00004RM5T,392,Comedy,2003,Nick Marck,USA,Christmas Vacation [VHS],http://ecx.images-amazon.com/images/I/61aQCEXcLEL.jpg
92,397,B0002QCBVS,391,Action,2004,Antoine Fuqua,USA,King Arthur,http://ecx.images-amazon.com/images/I/51FnJ6B-zDL.jpg
93,396,B0002MJT0I,390,Comedy,2004,Edgar Wright,UK,Shaun of the Dead,http://ecx.images-amazon.com/images/I/51RT474Y8GL.jpg
94,413,B000BKVQRU,389,Comedy,2005,David Dobkin,USA,Wedding Crashers (R-Rated Widescreen Edition),http://ecx.images-amazon.com/images/I/51Z2E7093FL.jpg
95,450,B001KVZ6ES,387,Drama,2008,Clint Eastwood,USA,Gran Torino (+ BD-Live) [Blu-ray],http://ecx.images-amazon.com/images/I/51skjoJepGL.jpg
96,353,B00005JN4W,386,Animation,2004,Brad Bird,USA,The Incredibles (Widescreen Two-Disc Collector's Edition),http://ecx.images-amazon.com/images/I/51G0XDKS1QL.jpg
97,283,B00004CJY0,384,Adventure,1956,John Ford,USA,The Searchers [VHS],http://ecx.images-amazon.com/images/I/41L3VnUYpkL.jpg
98,266,B00004CILC,383,Adventure,1972,Mark Rydell,USA,The Cowboys [VHS],
99,218,B00003CWQT,382,Crime,1999,Frank Darabont,USA,The Green Mile [VHS],http://ecx.images-amazon.com/images/I/41JCE5EWZ6L.jpg
100,194,B00000K0DK,381,Drama,1941,Orson Welles,USA,Citizen Kane (Special Edition) [VHS],http://ecx.images-amazon.com/images/I/51CM3F02M2L.jpg
101,350,B00005JN0T,380,Action,2004,Alex Proyas,USA,"I, Robot (Widescreen Edition)",http://ecx.images-amazon.com/images/I/513MNJSY0FL.jpg
102,306,B00004R6N5,379,Drama,1941,Orson Welles,USA,Citizen Kane [VHS],http://ecx.images-amazon.com/images/I/51AgQIyeUxL.jpg
103,274,B00004CJ5C,378,Adventure,1985,Richard Donner,USA,The Goonies [VHS],http://ecx.images-amazon.com/images/I/51m5V4lrBhL.jpg
104,176,B00000IQBK,376,Crime,1971,Stanley Kubrick,UK,A Clockwork Orange [VHS],http://ecx.images-amazon.com/images/I/71916G5G9NL.gif
105,111,B00000F1OD,375,Family,1971,Mel Stuart,USA,Willy Wonka & The Chocolate Factory [VHS],http://ecx.images-amazon.com/images/I/41Y5lQJ-O9L.jpg
106,235,B00003CXGP,373,Drama,2000,Mary Harron,USA,American Psycho,http://ecx.images-amazon.com/images/I/51XGBTNC9BL.jpg
107,449,B001HN6940,372,Adventure,2010,Tim Burton,USA,Alice in Wonderland [Blu-ray],http://ecx.images-amazon.com/images/I/61z3DeNeQrL.jpg
108,42,B000005XKO,369,Crime,1962,Robert Mulligan,USA,To Kill a Mockingbird [VHS],http://ecx.images-amazon.com/images/I/51Y302NM5QL.jpg
109,344,B00005JMFQ,368,Comedy,2003,Richard Curtis,UK,Love Actually (Widescreen Edition),http://ecx.images-amazon.com/images/I/51briNu2RkL.jpg
110,381,B00008EY63,365,Action,2004,Guillermo del Toro,USA,Hellboy [VHS],http://ecx.images-amazon.com/images/I/51NQQDJ4FZL.jpg
111,447,B001GKJ2DE,364,Action,2008,Timur Bekmambetov,USA,Wanted (Limited Edition Collector's Gift Set) [Blu-ray],http://ecx.images-amazon.com/images/I/41YZwkYxE5L.jpg
112,184,B00000JGEH,360,Action,1984,James Cameron,UK,The Terminator [VHS],http://ecx.images-amazon.com/images/I/41Z9A5ERBZL.jpg
113,155,B00000G3Q4,357,Fantasy,2013,Fede Alvarez,USA,Evil Dead (Special Edition),http://ecx.images-amazon.com/images/I/51KP5ZW8EXL.jpg
114,352,B00005JN2Z,355,Crime,2004,Michael Mann,USA,Collateral (Two-Disc Special Edition),http://ecx.images-amazon.com/images/I/51AD%2BexTxNL.jpg
115,220,B00003CX59,354,Drama,1999,Tim Burton,USA,Sleepy Hollow [VHS],http://ecx.images-amazon.com/images/I/51fkd9gQDWL.jpg
116,432,B000TZJBP6,353,Comedy,2007,Judd Apatow,USA,Knocked Up (Combo HD DVD and Standard DVD),http://ecx.images-amazon.com/images/I/51EmpMDMPZL.jpg
117,418,B000GW8VTO,352,Action,2002,Randall Wallace,USA,We Were Soldiers [HD DVD],http://ecx.images-amazon.com/images/I/512EXK8KTHL.jpg
118,127,B00000F6LQ,349,Adventure,1975,Terry Gilliam,UK,Monty Python and the Holy Grail (Collector's Edition Boxed Set),http://ecx.images-amazon.com/images/I/41V35BNNDNL.jpg
119,264,B00004CI6K,347,Comedy,1953,Vincente Minnelli,USA,The Band Wagon [VHS],
120,374,B00005LINE,345,Short,2012,,UK,Willy Wonka and the Chocolate Factory (Full Screen Edition),http://ecx.images-amazon.com/images/I/513weZTaKsL.jpg
121,343,B00005JMA8,344,Horror,2002,Danny Boyle,UK,28 Days Later (Widescreen Special Edition),http://ecx.images-amazon.com/images/I/511KHM89SFL.jpg
122,40,B000005QKJ,342,Action,1986,James Cameron,UK,Aliens [VHS],http://ecx.images-amazon.com/images/I/11q%2BMTQ09vL.jpg
123,457,B002TYZKIM,340,Documentary,2010,,USA,Michael Jackson's This Is It,http://ecx.images-amazon.com/images/I/51ZPQ2QbWkL.jpg
124,460,B003UESJH4,338,Biography,2010,Tom Hooper,UK,The King's Speech,http://ecx.images-amazon.com/images/I/513YQp06JJL.jpg
125,219,B00003CWTH,337,Drama,1999,Paul Thomas Anderson,USA,Magnolia [VHS],http://ecx.images-amazon.com/images/I/51N224Z62AL.jpg
126,461,B004DTLK80,335,Action,2007,Gore Verbinski,USA,Pirates of the Caribbean: At World's End [Blu-ray],http://ecx.images-amazon.com/images/I/51ZyLh%2Brm-L.jpg
127,246,B00003CXRP,334,Adventure,2000,Robert Zemeckis,USA,Cast Away (Two-Disc Special Edition),http://ecx.images-amazon.com/images/I/51ZSJKPWRZL.jpg
128,429,B000MQ54OO,333,Animation,2006,George Miller,Australia,Happy Feet (HD DVD/DVD Combo),http://ecx.images-amazon.com/images/I/51i%2BewFqiwL.jpg
129,368,B00005JPCF,328,Animation,2006,George Miller,Australia,Happy Feet (Widescreen Edition),http://ecx.images-amazon.com/images/I/51sX2Hrdz6L.jpg
130,200,B00001ODHF,327,Comedy,1992,Sam Raimi,USA,Army of Darkness [VHS],http://ecx.images-amazon.com/images/I/51YGCE5VSYL.jpg
131,322,B00004XPQM,326,Fantasy,2000,James Wong,USA,Final Destination [VHS],http://ecx.images-amazon.com/images/I/41A3QZJB12L.jpg
132,259,B00003Q43A,325,Action,1996,Roland Emmerich,USA,Independence Day (Five Star Collection),http://ecx.images-amazon.com/images/I/512GDJWCFPL.jpg
133,228,B00003CXA6,324,Drama,1993,Ron Maxwell,USA,Gettysburg (Widescreen Edition),http://ecx.images-amazon.com/images/I/512IYNm8K0L.jpg
134,250,B00003CXXI,322,Animation,2001,Andrew Adamson,USA,Shrek (Special Edition) [VHS],http://ecx.images-amazon.com/images/I/51TP6RCV6ML.jpg
135,206,B000021Y74,321,Crime,1998,Tom Tykwer,Germany,Run Lola Run [VHS],http://ecx.images-amazon.com/images/I/51KYAD2YAVL.jpg
136,260,B00003W8NO,320,Animation,1995,John Lasseter,USA,Toy Story (Special Edition) (Walt Disney Gold Classic Collection) [VHS],http://ecx.images-amazon.com/images/I/51P2MT87Y2L.jpg
137,298,B00004CQNT,319,Drama,1993,Ron Maxwell,USA,Gettysburg [VHS],http://ecx.images-amazon.com/images/I/418pz3Id-yL.jpg
138,330,B00005BG9P,317,Comedy,1992,Sam Raimi,USA,Army of Darkness,http://ecx.images-amazon.com/images/I/51GH8JTJTYL.jpg
139,367,B00005JPAR,316,Drama,2006,Darren Aronofsky,USA,The Fountain (Widescreen Edition),http://ecx.images-amazon.com/images/I/510s4z8yQ3L.jpg
140,177,B00000IQBL,315,Drama,1987,Stanley Kubrick,UK,Full Metal Jacket [VHS],http://ecx.images-amazon.com/images/I/71WVBCMKQ9L.gif
141,438,B00104QSOM,314,Drama,2007,Paul Thomas Anderson,USA,There Will Be Blood (Two-Disc Special Collector's Edition),http://ecx.images-amazon.com/images/I/41F0GEtwFOL.jpg
142,183,B00000JGEF,313,Action,1987,John McTiernan,USA,Predator [VHS],http://ecx.images-amazon.com/images/I/5177BWQJ1ZL.jpg
143,425,B000JLTR8Q,312,Drama,2006,M. Night Shyamalan,USA,Lady in the Water (Widescreen Edition),http://ecx.images-amazon.com/images/I/5156zEQs1BL.jpg
144,201,B00001QEE6,311,Animation,1955,Clyde Geronimi,USA,Lady and the Tramp (Limited Issue),http://ecx.images-amazon.com/images/I/51YGVE8560L.jpg
145,376,B000063W25,310,Drama,2002,Michael Rymer,USA,Queen of the Damned [VHS],http://ecx.images-amazon.com/images/I/31odh0ldNyL.jpg
146,175,B00000IQBI,309,Comedy,1964,Stanley Kubrick,USA,Dr. Strangelove or: How I Learned to Stop Worrying and Love the Bomb,http://ecx.images-amazon.com/images/I/71CSAJ7JR2L.gif
147,342,B00005JM5B,308,Action,2003,Stephen Norrington,USA,The League of Extraordinary Gentlemen (Widescreen Edition),http://ecx.images-amazon.com/images/I/51KDD84NPVL.jpg
148,229,B00003CXB2,307,Adventure,1962,David Lean,UK,Lawrence of Arabia,http://ecx.images-amazon.com/images/I/51P24W0KFHL.jpg
149,140,B00000FZ1V,306,Adventure,1984,Ivan Reitman,USA,Ghostbusters,http://ecx.images-amazon.com/images/I/51EM013P37L.jpg
150,416,B000E111XK,305,Drama,2005,Chris Columbus,USA,Rent,http://ecx.images-amazon.com/images/I/61Qim02RfmL.jpg
151,247,B00003CXSP,303,Crime,2001,Ridley Scott,USA,Hannibal (Two-Disc Special Edition),http://ecx.images-amazon.com/images/I/411BK37YBJL.jpg
152,382,B00008G4R9,302,Comedy,1964,Stanley Kubrick,USA,Dr. Strangelove or: How I Learned to Stop Worrying and Love the Bomb [VHS],http://ecx.images-amazon.com/images/I/51FflgoqgyL.jpg
153,211,B00002E23E,300,Documentary,1976,Peter Clifton,UK,Led Zeppelin - The Song Remains the Same,http://ecx.images-amazon.com/images/I/71BSGKQQGTL.gif
154,278,B00004CJIT,299,Comedy,1964,Robert Stevenson,USA,Mary Poppins [VHS],http://ecx.images-amazon.com/images/I/21hx33ExZPL.jpg
155,280,B00004CJN8,298,Adventure,1959,Alfred Hitchcock,USA,North by Northwest [VHS],http://ecx.images-amazon.com/images/I/11MjWTKhcGL.jpg
156,351,B00005JN0W,297,Action,2004,Tony Scott,USA,Man on Fire,http://ecx.images-amazon.com/images/I/511FTFSVS4L.jpg
157,271,B00004CJ0N,296,Action,1956,Fred M. Wilcox,USA,Forbidden Planet [VHS],http://ecx.images-amazon.com/images/I/51vIhYbuTtL.jpg
158,444,B001DHXT1G,295,Action,2008,Louis Leterrier,USA,The Incredible Hulk [Blu-ray],http://ecx.images-amazon.com/images/I/51cgRRxO%2BoL.jpg
159,234,B00003CXDU,294,Adventure,1999,Dean Parisot,USA,Galaxy Quest [VHS],http://ecx.images-amazon.com/images/I/51NDY1SMG9L.jpg
160,85,B000006H0H,293,Biography,1970,Franklin J. Schaffner,USA,Patton [VHS],http://ecx.images-amazon.com/images/I/210T7DWFTZL.jpg
161,366,B00005JPAO,292,Biography,2006,Stephen Frears,UK,The Queen,http://ecx.images-amazon.com/images/I/41enGM29%2B-L.jpg
162,210,B000028U3R,290,Animation,1999,Brad Bird,USA,The Iron Giant,http://ecx.images-amazon.com/images/I/51R222WH7SL.jpg
163,112,B00000F214,287,Crime,1995,Bryan Singer,USA,The Usual Suspects [Blu-ray],http://ecx.images-amazon.com/images/I/51sXu8YMzYL.jpg
164,310,B00004RLCG,286,Comedy,1974,Mel Brooks,USA,Young Frankenstein [VHS],http://ecx.images-amazon.com/images/I/51AF017ZHZL.jpg
165,226,B00003CX9G,285,Drama,1977,Steven Spielberg,USA,Close Encounters of the Third Kind (Two-Disc Collector's Edition),http://ecx.images-amazon.com/images/I/51G7E1Y82YL.jpg
166,284,B00004CK54,284,Adventure,1956,Cecil B. DeMille,USA,The Ten Commandments [VHS],http://ecx.images-amazon.com/images/I/41kirYOMO3L.jpg
167,295,B00004CQ6Z,283,Action,2002,Kurt Wimmer,USA,Equilibrium [VHS],
168,380,B000088EN9,282,Comedy,2002,Rob Marshall,USA,Chicago,http://ecx.images-amazon.com/images/I/51N70xfxqAL.jpg
169,293,B00004CNR3,281,Action,1992,Michael Mann,USA,The Last of the Mohicans [VHS],
170,354,B00005JND5,279,Biography,2004,Taylor Hackford,USA,Ray (Widescreen Edition),http://ecx.images-amazon.com/images/I/41RQ8ETK19L.jpg
171,203,B00001U0DP,278,Comedy,1997,Roberto Benigni,Italy,Life is Beautiful,http://ecx.images-amazon.com/images/I/518SnqIk%2BjL.jpg
172,51,B0000065PD,277,Action,1994,Roland Emmerich,France,Stargate (Widescreen Edition) [VHS],http://ecx.images-amazon.com/images/I/51JEVVS2XGL.jpg
173,302,B00004CX9H,276,Action,1994,Roland Emmerich,France,Stargate,http://ecx.images-amazon.com/images/I/71HD0Z4TR4L.gif
174,422,B000J0XJC2,275,Adventure,1956,Cecil B. DeMille,USA,The Ten Commandments,http://ecx.images-amazon.com/images/I/51Cc0%2Bg2YVL.jpg
175,69,B000006BS0,274,Horror,1968,George A. Romero,USA,Night of the Living Dead [VHS],http://ecx.images-amazon.com/images/I/51QNTVRX7BL.jpg
176,402,B00068S404,273,Adventure,2004,Danny Leiner,USA,Harold & Kumar Go to White Castle (Rated Edition),http://ecx.images-amazon.com/images/I/5194874RB9L.jpg
177,334,B00005JKMY,272,Fantasy,2001,Cameron Crowe,USA,Vanilla Sky [VHS],http://ecx.images-amazon.com/images/I/51QWYVYWM0L.jpg
178,96,B000007P93,270,Film-Noir,1949,Carol Reed,UK,The Third Man [VHS],http://ecx.images-amazon.com/images/I/21VERWTNN6L.jpg
179,431,B000Q6GUT8,269,Action,2007,Antoine Fuqua,USA,Shooter (Full Screen Edition),http://ecx.images-amazon.com/images/I/51WJqyWqB2L.jpg
180,329,B00005B75U,267,Action,1978,Richard Donner,USA,Superman [Region 2],http://ecx.images-amazon.com/images/I/51VTmt-jX1L.jpg
181,348,B00005JMYI,266,Comedy,2004,Adam McKay,USA,Anchorman: The Legend of Ron Burgundy (Unrated Widescreen Edition),http://ecx.images-amazon.com/images/I/51DQR900C0L.jpg
182,71,B000006FH5,265,Animation,2006,Jennifer Shiman,USA,Superman The Movie [VHS],http://ecx.images-amazon.com/images/I/513T4T197KL.jpg
183,273,B00004CJ59,264,Western,1966,Sergio Leone,Italy,"The Good, the Bad and the Ugly [VHS]",http://ecx.images-amazon.com/images/I/51WUUxjBCaL.jpg
184,292,B00004CNGQ,263,Fantasy,1931,Tod Browning,USA,Dracula [VHS],http://ecx.images-amazon.com/images/I/41nZ00Hl7GL.jpg
185,319,B00004TITR,261,Comedy,2003,Tim McCanlies,USA,Secondhand Lions [VHS],
186,55,B0000068BZ,260,Adventure,1965,B.J. Patel,India,Adventures of Robin Hood [VHS],http://ecx.images-amazon.com/images/I/21STE1GZGWL.jpg
187,390,B0001BKAEE,259,Action,2003,Lana Wachowski,Australia,The Matrix Revolutions (Two-Disc Full Screen Edition) [DVD],http://ecx.images-amazon.com/images/I/5149DT5Y2CL.jpg
188,303,B00004CZZZ,257,Horror,1974,Tobe Hooper,USA,The Texas Chain Saw Massacre [VHS],http://ecx.images-amazon.com/images/I/41T%2Bz98XrbL.jpg
189,15,B000004067,256,Drama,1971,Norman Jewison,USA,Fiddler on the Roof [VHS],http://ecx.images-amazon.com/images/I/41VHXNGF7NL.jpg
190,171,B00000IMCU,255,Action,2004,Zack Snyder,USA,Dawn of the Dead [VHS],http://ecx.images-amazon.com/images/I/51HX5XF1PAL.jpg
191,185,B00000JGEK,254,Action,1990,Paul Verhoeven,USA,Total Recall [VHS],http://ecx.images-amazon.com/images/I/41E9Z4P8E6L.jpg
192,297,B00004CQNO,253,Drama,1994,Neil Jordan,USA,Interview with the Vampire: The Vampire Chronicles [VHS],http://ecx.images-amazon.com/images/I/51hk8zXa5TL.jpg
193,339,B00005JLKN,251,Crime,2002,Brett Ratner,Germany,Red Dragon (Widescreen Collector's Edition),http://ecx.images-amazon.com/images/I/41765W7X2EL.jpg
194,205,B0000214F0,250,Drama,1979,Tinto Brass,Italy,Caligula (Unrated Twentieth Anniversary Edition),http://ecx.images-amazon.com/images/I/715P645YMSL.gif
195,391,B0001XLY1U,249,Comedy,1974,Mel Brooks,USA,Blazing Saddles,http://ecx.images-amazon.com/images/I/51G0ZWl3abL.jpg
196,281,B00004CJOG,248,Drama,1975,Milos Forman,USA,One Flew Over the Cuckoo's Nest [VHS],http://ecx.images-amazon.com/images/I/41vk4IXohrL.jpg
197,362,B00005JOIH,247,Drama,2005,Steven Spielberg,France,Munich (Two-Disc Collector's Edition),http://ecx.images-amazon.com/images/I/41R4VEX6JML.jpg
198,262,B00004CI1J,246,Adventure,1951,John Huston,USA,The African Queen [VHS],http://ecx.images-amazon.com/images/I/21Jry5R9DBL.jpg
199,456,B002K0WBXW,245,Comedy,2009,Anne Fletcher,USA,The Proposal (Single-Disc Edition),http://ecx.images-amazon.com/images/I/41SwmvV6hrL.jpg
200,252,B00003CXXO,244,Adventure,2001,Steven Spielberg,USA,A.I. Artificial Intelligence [VHS],http://ecx.images-amazon.com/images/I/41Z3KKJN6VL.jpg
201,415,B000DZIGDU,243,Action,2005,Sam Mendes,Germany,Jarhead (Widescreen Edition),http://ecx.images-amazon.com/images/I/51P2RVVCH9L.jpg
202,134,B00000FE44,242,Animation,1994,Kalani Streicher,USA,Star Wars - Return of the Jedi (LaserDisc) Widescreen Edition,http://ecx.images-amazon.com/images/I/51dwqZWKtrL.jpg
203,305,B00004D307,241,Action,1996,Jan de Bont,USA,Twister,http://ecx.images-amazon.com/images/I/41BH17FPX1L.jpg
204,244,B00003CXRA,240,Drama,2001,Jean-Jacques Annaud,USA,Enemy At the Gates,http://ecx.images-amazon.com/images/I/5163RcyB9iL.jpg
205,363,B00005JOLJ,239,Action,2006,Stefen Fangmeier,USA,Eragon [VHS],http://ecx.images-amazon.com/images/I/410eFCP-iAL.jpg
206,118,B00000F4ZY,238,Action,2001,Brian Helgeland,USA,A Knight's Tale (Special Edition),http://ecx.images-amazon.com/images/I/51rNtZ4oMwL.jpg
207,98,B000007P9E,237,Drama,1927,Fritz Lang,Germany,Metropolis [VHS],http://ecx.images-amazon.com/images/I/713D72RHW1L.gif
208,340,B00005JLT5,236,Biography,2002,Roman Polanski,France,The Pianist,http://ecx.images-amazon.com/images/I/51TBGE434HL.jpg
209,145,B00000FZGB,235,Adventure,1990,George Miller,USA,Neverending Story [VHS],
210,464,B006TLFPKO,234,Adventure,2011,Bill Condon,USA,The Twilight Saga: Breaking Dawn - Part 1,http://ecx.images-amazon.com/images/I/51bia947ozL.jpg
211,285,B00004CK6W,233,Action,1986,Tony Scott,USA,Top Gun [VHS],http://ecx.images-amazon.com/images/I/51I7rd9uSlL.jpg
212,165,B00000IBRX,232,Drama,1998,Vincent Ward,USA,What Dreams May Come [VHS],http://ecx.images-amazon.com/images/I/51DP4FY00XL.jpg
213,265,B00004CIET,231,Action,1968,Peter Yates,USA,Bullitt [VHS],http://ecx.images-amazon.com/images/I/311PM3JV%2BrL.jpg
214,144,B00000FZE5,230,Drama,1964,George Cukor,USA,My Fair Lady [VHS],http://ecx.images-amazon.com/images/I/51FJjdLzL6L.jpg
215,370,B00005JPH2,229,Action,2008,Andrew Adamson,USA,The Chronicles of Narnia: Prince Caspian,http://ecx.images-amazon.com/images/I/618uTYKkadL.jpg
216,120,B00000F566,228,Drama,1987,Emile Ardolino,USA,Dirty Dancing (Collector's Edition),http://ecx.images-amazon.com/images/I/415AKXTZ5VL.jpg
217,338,B00005JLBQ,227,Crime,2002,Sam Mendes,USA,Road to Perdition (Widescreen Edition),http://ecx.images-amazon.com/images/I/5191N4198ZL.jpg
218,270,B00004CIVS,226,Adventure,1981,John Boorman,USA,Excalibur [VHS],
219,309,B00004RF0E,224,Action,1997,Paul Verhoeven,USA,Starship Troopers [VHS],http://ecx.images-amazon.com/images/I/51GXHGXSEML.jpg
220,383,B00008T4M6,223,Drama,1987,Emile Ardolino,USA,Dirty Dancing [VHS],
221,109,B00000F1L3,222,Adventure,1968,Ken Hughes,UK,Chitty Chitty Bang Bang [VHS],http://ecx.images-amazon.com/images/I/41bNKJ0cw4L.jpg
222,240,B00003CXMG,221,Adventure,2000,Cameron Crowe,USA,Almost Famous,http://ecx.images-amazon.com/images/I/519QWEENFGL.jpg
223,124,B00000F5UZ,220,Action,2004,Alexander Witt,Germany,Resident Evil - Apocalypse [VHS],http://ecx.images-amazon.com/images/I/510RPANMNBL.jpg
224,276,B00004CJFZ,219,Action,1976,Michael Anderson,USA,Logan's Run [VHS],
225,378,B00006ADEM,218,Adventure,2001,Christophe Gans,France,Brotherhood of the Wolf,http://ecx.images-amazon.com/images/I/51PF3R77HJL.jpg
226,333,B00005JKJM,217,Mystery,2001,Albert Hughes,USA,From Hell (Two-Disc Special Edition),http://ecx.images-amazon.com/images/I/418JG1F78JL.jpg
227,267,B00004CIS6,216,Animation,1941,Samuel Armstrong,USA,Dumbo [VHS],http://ecx.images-amazon.com/images/I/51Kw76O9ERL.jpg
228,245,B00003CXRM,215,Adventure,2000,Joel Coen,UK,"O Brother, Where Art Thou?",http://ecx.images-amazon.com/images/I/5107M4P37AL.jpg
229,150,B00000G0EC,214,Adventure,1993,Steven Spielberg,USA,Jurassic Park [VHS],
230,122,B00000F5QE,213,Crime,1976,Martin Scorsese,USA,Taxi Driver [VHS],
231,43,B000005XOU,211,Mystery,1958,Alfred Hitchcock,USA,Vertigo [VHS],http://ecx.images-amazon.com/images/I/41ZkdE-ZQeL.jpg
232,294,B00004CNUM,209,Comedy,1993,Harold Ramis,USA,Groundhog Day [VHS],http://ecx.images-amazon.com/images/I/51vctH0yrYL.jpg
233,216,B00003CWOL,208,Adventure,1999,Kevin Smith,USA,Dogma,http://ecx.images-amazon.com/images/I/51pJ-bidVhL.jpg
234,300,B00004CTTG,207,Action,1980,Mike Hodges,UK,Flash Gordon [VHS],
235,60,B00000693P,206,Western,1962,John Ford,USA,How the West Was Won [VHS],http://ecx.images-amazon.com/images/I/41ER3KWGEEL.jpg
236,256,B00003CY67,205,Comedy,2001,Kevin Smith,USA,Jay and Silent Bob Strike Back (Dimension Collector's Series),http://ecx.images-amazon.com/images/I/51FR89DD1BL.jpg
237,430,B000OVLBGC,204,Drama,2006,Florian Henckel von Donnersmarck,Germany,The Lives of Others,http://ecx.images-amazon.com/images/I/51ij-8GwhCL.jpg
238,135,B00000FYN4,203,Adult,2012,Jim Powers,USA,American Werewolf in London [VHS],http://ecx.images-amazon.com/images/I/31-CpAAg1qL.jpg
239,119,B00000F52W,202,Action,2003,Robert Rodriguez,USA,Once Upon a Time in Mexico (Superbit Collection),http://ecx.images-amazon.com/images/I/51EH8ZXP2ZL.jpg
240,253,B00003CXXU,201,Action,2001,Tim Burton,USA,Planet of the Apes [VHS],http://ecx.images-amazon.com/images/I/51DZ6KZ0KFL.jpg
241,261,B00004CHZS,200,Mystery,1984,Peter Hyams,USA,2010 [VHS],
242,222,B00003CX74,199,Action,1999,David O. Russell,USA,Three Kings (Snap Case Packaging),http://ecx.images-amazon.com/images/I/519vRFoPkML.jpg
243,47,B0000060X7,198,Action,2004,Pitof,USA,Catwoman [VHS],http://ecx.images-amazon.com/images/I/51MS8F2KBYL.jpg
244,337,B00005JLBE,197,Action,2002,Lee Tamahori,UK,Die Another Day (Widescreen Special Edition),http://ecx.images-amazon.com/images/I/51kgPWMuVFL.jpg
245,269,B00004CIUT,196,Action,1973,Robert Clouse,Hong Kong,Enter the Dragon [VHS],http://ecx.images-amazon.com/images/I/51xk68B%2BIWL.jpg
246,208,B000023VTP,195,Comedy,1999,Roger Michell,UK,Notting Hill (Collector's Edition),http://ecx.images-amazon.com/images/I/51dBlYSvcgL.jpg
247,158,B00000HF0K,194,Action,1985,George Miller,Australia,Mad Max Beyond Thunderdome [VHS],
248,212,B00002ND8E,193,Crime,1941,John Huston,USA,The Maltese Falcon (Special Edition) [VHS],http://ecx.images-amazon.com/images/I/513B0ZD3EDL.jpg
249,152,B00000G3AZ,192,Comedy,1996,Douglas McGrath,UK,Emma,http://ecx.images-amazon.com/images/I/41ZZetsOiML.jpg
250,286,B00004CKIC,191,Action,1990,John McTiernan,USA,The Hunt for Red October [VHS],http://ecx.images-amazon.com/images/I/41qt99xI3uL.jpg
251,153,B00000G3BX,190,Animation,1998,Tony Bancroft,USA,Mulan [VHS],http://ecx.images-amazon.com/images/I/514V5H59GZL.jpg
252,299,B00004CQWT,189,Animation,1995,,USA,Dumb and Dumber [VHS],http://ecx.images-amazon.com/images/I/51Ja59LnLbL.jpg
253,375,B00005U128,188,Fantasy,1979,Lucio Fulci,Italy,Zombie,http://ecx.images-amazon.com/images/I/51J17AE3Y3L.jpg
254,2,B0000016VQ,187,Drama,2013,Carlo Carlei,UK,Romeo & Juliet [VHS],http://ecx.images-amazon.com/images/I/21ZZECEZF2L.jpg
255,225,B00003CX97,185,Adventure,1957,David Lean,UK,The Bridge on the River Kwai (Limited Edition),http://ecx.images-amazon.com/images/I/5129GR4N8HL.jpg
256,137,B00000FYPB,184,Adventure,1975,Stanley Kubrick,UK,Barry Lyndon [VHS],http://ecx.images-amazon.com/images/I/51sqD%2BqmW7L.jpg
257,239,B00003CXKM,183,Horror,2000,Tarsem Singh,USA,The Cell (New Line Platinum Series),http://ecx.images-amazon.com/images/I/51%2BF5HiVvcL.jpg
258,275,B00004CJ6M,182,Horror,1982,Tommy Lee Wallace,USA,Halloween III: Season of the Witch [VHS],http://ecx.images-amazon.com/images/I/41TTS79K0DL.jpg
259,392,B0001XLY7O,181,Drama,2003,Anthony Minghella,USA,Cold Mountain [VHS],http://ecx.images-amazon.com/images/I/41XA2JWXH8L.jpg
260,31,B00000496Q,180,Drama,1989,Edward Zwick,USA,Glory [VHS],http://ecx.images-amazon.com/images/I/71GBJGWCWSL.gif
261,277,B00004CJGO,179,Comedy,1987,Joel Schumacher,USA,The Lost Boys [VHS],http://ecx.images-amazon.com/images/I/51XQIm4S2xL.jpg
262,272,B00004CJ2Q,178,Short,2012,John Stewart,Ireland,Friday the 13th Part 3 [VHS],
263,238,B00003CXI6,177,Drama,2000,Robert Zemeckis,USA,What Lies Beneath [VHS],http://ecx.images-amazon.com/images/I/31SQ0ZG66AL.jpg
264,288,B00004CLAF,175,Drama,1990,Jerry Zucker,USA,Ghost [VHS],http://ecx.images-amazon.com/images/I/41TLn86CX0L.jpg
265,204,B00001U0DR,174,Animation,1998,John Lasseter,USA,A Bug's Life (Collector's Edition),http://ecx.images-amazon.com/images/I/51V1FRCA09L.jpg
266,242,B00003CXQX,173,Animation,2000,Mark Dindal,USA,The Emperor's New Groove [VHS],http://ecx.images-amazon.com/images/I/51CARZ3R0XL.jpg
267,87,B000006I14,172,Fantasy,1922,F.W. Murnau,Germany,Nosferatu [VHS],http://ecx.images-amazon.com/images/I/51THKSJR4GL.jpg
268,34,B000005PFL,171,Comedy,1980,Harold Ramis,USA,Caddyshack [VHS],http://ecx.images-amazon.com/images/I/211BT6C0FNL.jpg
269,138,B00000FYTE,170,Comedy,1963,Stanley Donen,USA,Charade [VHS],
270,187,B00000JGOH,169,Comedy,1998,John Madden,USA,Shakespeare in Love,http://ecx.images-amazon.com/images/I/51QNGWZA8ZL.jpg
271,117,B00000F3YL,168,Comedy,1964,Richard Lester,UK,A Hard Day's Night [VHS],http://ecx.images-amazon.com/images/I/214EB76AH6L.jpg
272,202,B00001QEE7,167,Animation,1989,Ron Clements,USA,The Little Mermaid (Limited Issue),http://ecx.images-amazon.com/images/I/51ZV1782WTL.jpg
273,22,B0000040IF,165,Adventure,1987,Mel Brooks,USA,Spaceballs [VHS],http://ecx.images-amazon.com/images/I/41aoWct48cL.jpg
274,214,B000035Z2S,163,Animation,1999,Chris Buck,USA,Tarzan (Walt Disney) [VHS],http://ecx.images-amazon.com/images/I/51PE5MN0SWL.jpg
275,10,B000003KHS,162,Crime,1972,Francis Ford Coppola,USA,The Godfather [VHS],http://ecx.images-amazon.com/images/I/11KQ3QC757L.jpg
276,168,B00000ILBK,161,Action,1998,Jonathan Frakes,USA,Star Trek - Insurrection,http://ecx.images-amazon.com/images/I/51R23HG3N5L.jpg
277,377,B00006681H,160,Drama,2001,Marc Forster,USA,Monster's Ball,http://ecx.images-amazon.com/images/I/51jetTS-X0L.jpg
278,301,B00004CVTI,159,Drama,1997,Robert Zemeckis,USA,Contact [VHS],http://ecx.images-amazon.com/images/I/51S27ldf5rL.jpg
279,221,B00003CX6P,157,Crime,1999,Anthony Minghella,USA,The Talented Mr. Ripley,http://ecx.images-amazon.com/images/I/516X8NQJ30L.jpg
280,258,B00003Q432,156,Drama,1957,Leo McCarey,USA,An Affair to Remember,http://ecx.images-amazon.com/images/I/41WJ9Z3YM3L.jpg
281,113,B00000F29Y,155,Animation,1942,James Algar,USA,Bambi [VHS],http://ecx.images-amazon.com/images/I/21RB89QAB7L.jpg
282,313,B00004RMOO,154,Comedy,1986,John Badham,USA,Short Circuit [VHS],http://ecx.images-amazon.com/images/I/51N85SW1C9L.jpg
283,255,B00003CY0U,153,Action,2001,Dominic Sena,USA,Swordfish [VHS],http://ecx.images-amazon.com/images/I/51E9EZ3NS5L.jpg
284,160,B00000I1OF,152,Action,1998,John Frankenheimer,UK,Ronin [VHS],
285,257,B00003OSTQ,151,Drama,1976,Sidney Lumet,USA,Network [VHS],http://ecx.images-amazon.com/images/I/514HADP6TYL.jpg
286,316,B00004RRXD,150,Action,1992,Mick Jackson,USA,The Bodyguard [VHS],http://ecx.images-amazon.com/images/I/51GZ48N7WJL.jpg
287,129,B00000F798,149,Comedy,1967,Mike Nichols,USA,The Graduate (40th Anniversary Collector's Edition),http://ecx.images-amazon.com/images/I/41H%2BLeyjhFL.jpg
288,92,B000006OS2,148,Comedy,1963,Andrew V. McLaglen,USA,McLintock!,http://ecx.images-amazon.com/images/I/51VWRP1SCZL.jpg
289,62,B00000694T,147,Comedy,1993,Jeremiah S. Chechik,USA,Benny & Joon [VHS],http://ecx.images-amazon.com/images/I/21Z2C031XZL.jpg
290,170,B00000ILDG,146,Action,1997,Jean-Pierre Jeunet,USA,Alien: Resurrection,http://ecx.images-amazon.com/images/I/51VMNTQGVML.jpg
291,73,B000006FNX,144,Action,1983,Irvin Kershner,UK,Never Say Never Again [VHS],http://ecx.images-amazon.com/images/I/21YBEHW763L.jpg
292,217,B00003CWPL,143,Fantasy,1977,David Lynch,USA,Eraserhead,http://ecx.images-amazon.com/images/I/51118H879GL.jpg
293,237,B00003CXHR,142,Animation,2000,Eric Leighton,USA,Dinosaur [VHS],http://ecx.images-amazon.com/images/I/51A6FK1CDFL.jpg
294,116,B00000F3V1,141,Drama,1988,Jud Taylor,USA,Great Escape [VHS],http://ecx.images-amazon.com/images/I/51A82vO%2BvuL.jpg
295,79,B000006FXP,140,Action,1969,Sam Peckinpah,USA,The Wild Bunch [VHS],http://ecx.images-amazon.com/images/I/51QMVX832VL.jpg
296,89,B000006N61,139,Action,1979,George Miller,Australia,Mad Max [VHS],http://ecx.images-amazon.com/images/I/51EZCE9B4QL.jpg
297,196,B00000K0EG,138,Drama,1940,Alfred Hitchcock,USA,Rebecca,http://ecx.images-amazon.com/images/I/2170ZNBGZNL.jpg
298,318,B00004T8TD,137,Action,1999,Michael Apted,UK,The World Is Not Enough [VHS],http://ecx.images-amazon.com/images/I/51ZJbYcUDCL.jpg
299,38,B000005PRX,136,Action,1992,Tim Burton,USA,Batman Returns [VHS],http://ecx.images-amazon.com/images/I/219QACJSW4L.jpg
300,57,B0000068SI,135,Action,1962,Terence Young,UK,Dr No [VHS],http://ecx.images-amazon.com/images/I/512DFMR171L.jpg
301,161,B00000I4TE,134,Action,1981,John Carpenter,UK,Escape From New York [VHS],
302,8,B000003KDG,133,Crime,1987,Brian De Palma,USA,The Untouchables [VHS],http://ecx.images-amazon.com/images/I/71K1SXR6EYL.gif
303,146,B00000FZZU,132,Action,1970,,South Korea,Wild Bunch [VHS],
304,142,B00000FZCU,131,Drama,1969,John Schlesinger,USA,Midnight Cowboy (Deluxe 25th Anniversary Edition) [VHS],http://ecx.images-amazon.com/images/I/21AJ426CGVL.jpg
305,156,B00000GJ2B,130,Biography,1980,Martin Scorsese,USA,Raging Bull [VHS],http://ecx.images-amazon.com/images/I/51JN01NAKNL.jpg
306,268,B00004CITC,129,Adventure,1961,Anthony Mann,Italy,El Cid [VHS],http://ecx.images-amazon.com/images/I/21IqKgINBAL.jpg
307,17,B00000408I,128,Documentary,1988,Drew Cummings,USA,Manchurian Candidate [VHS],http://ecx.images-amazon.com/images/I/512Q0HXAWEL.jpg
308,157,B00000HF0I,127,Comedy,1958,Vincente Minnelli,USA,Gigi (Deluxe Letter-Box Edition) [VHS],http://ecx.images-amazon.com/images/I/21YZ631M24L.jpg
309,181,B00000IQW4,125,Comedy,1995,Kevin Smith,USA,Mallrats (Collector's Edition),http://ecx.images-amazon.com/images/I/51522GQPMKL.jpg
310,88,B000006IUQ,124,Action,1997,Lee Tamahori,USA,The Edge,http://ecx.images-amazon.com/images/I/511J1WPA9XL.jpg
311,232,B00003CXDD,123,Action,1988,Ron Howard,USA,Willow (Special Edition),http://ecx.images-amazon.com/images/I/514QCZHWR5L.jpg
312,279,B00004CJN0,122,Horror,1984,Wes Craven,USA,A Nightmare on Elm Street [VHS],
313,67,B000006AXJ,120,Biography,1997,Mike Newell,USA,Donnie Brasco [VHS],http://ecx.images-amazon.com/images/I/51s3aGgFxzL.jpg
314,65,B000006AX8,118,Action,1997,Wolfgang Petersen,USA,Air Force One [VHS],
315,159,B00000I1EM,117,Comedy,1958,Vincente Minnelli,USA,Gigi [VHS],http://ecx.images-amazon.com/images/I/4143WYUOoHL.jpg
316,80,B000006FYP,116,Action,1995,Joel Schumacher,USA,Batman Forever [VHS],http://ecx.images-amazon.com/images/I/51HHEG47EGL.jpg
317,126,B00000F6D1,114,Biography,1956,Walter Lang,USA,The King and I [VHS],http://ecx.images-amazon.com/images/I/51QEJAMHZ7L.jpg
318,64,B000006AX7,113,Comedy,1993,Kenneth Branagh,UK,Much Ado About Nothing [VHS],
319,76,B000006FR5,112,Animation,1964,Arthur Lubin,USA,The Incredible Mr. Limpet [VHS],http://ecx.images-amazon.com/images/I/51Qyl8eKPGL.jpg
320,336,B00005JL95,111,Animation,2002,Dean DeBlois,USA,Lilo & Stitch [VHS],http://ecx.images-amazon.com/images/I/51MWY6VMAXL.jpg
321,207,B000022TSL,110,Comedy,1934,Frank Capra,USA,It Happened One Night,http://ecx.images-amazon.com/images/I/51Gctne8wfL.jpg
322,133,B00000FE23,109,Adventure,1983,Philip Kaufman,USA,Right Stuff [VHS],
323,199,B00000K3CM,107,Adventure,1992,Chris Columbus,USA,Home Alone 2: Lost in New York,http://ecx.images-amazon.com/images/I/5110G8S8QNL.jpg
324,61,B00000693S,106,Comedy,1987,Norman Jewison,USA,Moonstruck [VHS],http://ecx.images-amazon.com/images/I/41y%2BbPwDASL.jpg
325,68,B000006AXK,104,Comedy,1996,Cameron Crowe,USA,Jerry Maguire [VHS],http://ecx.images-amazon.com/images/I/218sUeotIjL.jpg
326,110,B00000F1NU,103,Comedy,1988,Penny Marshall,USA,Big [VHS],http://ecx.images-amazon.com/images/I/51rcHlbSSIL.jpg
327,164,B00000IBRT,100,Comedy,1988,Michael Lehmann,USA,Heathers,http://ecx.images-amazon.com/images/I/517VX1XCQTL.jpg
328,53,B0000068BI,99,Comedy,1988,Charles Crichton,USA,Fish Called Wanda  [VHS],http://ecx.images-amazon.com/images/I/21QH7ez4baL.jpg
329,195,B00000K0EA,98,Action,1997,Roger Spottiswoode,UK,Tomorrow Never Dies (Special Edition),http://ecx.images-amazon.com/images/I/71DQAHYSH0L.gif
330,215,B00003CWN2,97,Biography,1999,Kimberly Peirce,USA,Boys Don't Cry [VHS],http://ecx.images-amazon.com/images/I/41WS3KT2AAL.jpg
331,191,B00000JPHD,96,Fantasy,1931,Tod Browning,USA,Dracula [VHS],http://ecx.images-amazon.com/images/I/51YJPCY53ZL.jpg
332,72,B000006FIT,95,Crime,1993,Joel Schumacher,France,Falling Down [VHS],
333,106,B00000CQJZ,93,Mystery,1935,Alfred Hitchcock,UK,The 39 Steps,http://ecx.images-amazon.com/images/I/51Z2p39i9EL.jpg
334,11,B000003KLW,92,Comedy,1988,Richard Donner,USA,Scrooged [VHS],http://ecx.images-amazon.com/images/I/51JYQYABDDL.jpg
335,84,B000006GTW,91,Adventure,1975,John Huston,UK,The Man Who Would Be King [VHS],http://ecx.images-amazon.com/images/I/51DVYRXXWXL.jpg
336,52,B0000065U0,90,Biography,1992,Richard Attenborough,USA,Chaplin [VHS],http://ecx.images-amazon.com/images/I/21D735QG16L.jpg
337,26,B0000048WH,89,Biography,1966,Fred Zinnemann,UK,A Man for All Seasons [VHS],http://ecx.images-amazon.com/images/I/21VCR01K86L.jpg
338,172,B00000IMCZ,88,Documentary,1935,Leni Riefenstahl,Germany,Triumph of the Will [VHS],
339,197,B00000K0EI,87,Drama,1946,Alfred Hitchcock,USA,Notorious,http://ecx.images-amazon.com/images/I/51GNPFQBBWL.jpg
340,121,B00000F5PZ,85,Action,1985,Akira Kurosawa,Japan,Ran [VHS],http://ecx.images-amazon.com/images/I/21AH1621SBL.jpg
341,20,B0000040EO,84,Comedy,1940,George Cukor,USA,The Philadelphia Story [VHS],http://ecx.images-amazon.com/images/I/51J2JG9PRXL.jpg
342,39,B000005QH3,83,Action,1971,Richard C. Sarafian,USA,Vanishing Point [VHS],http://ecx.images-amazon.com/images/I/417GPP7W2BL.jpg
343,28,B00000491O,82,Documentary,1983,Nick Deocampo,Philippines,Oliver [VHS],http://ecx.images-amazon.com/images/I/51XMPZW5HDL.jpg
344,107,B00000F13X,80,Comedy,1958,Morton DaCosta,USA,Auntie Mame (Widescreen Edition) [VHS],http://ecx.images-amazon.com/images/I/512HQ4ZADHL.jpg
345,287,B00004CL54,78,Horror,1989,Dominique Othenin-Girard,USA,Halloween 5 [VHS],http://ecx.images-amazon.com/images/I/41WXdjpigCL.jpg
346,37,B000005PPB,77,Drama,1955,Nicholas Ray,USA,Rebel Without a Cause [VHS],http://ecx.images-amazon.com/images/I/518X6SBME4L.jpg
347,82,B000006GSJ,76,Action,1985,Michael Schultz,USA,The Last Dragon [VHS],http://ecx.images-amazon.com/images/I/21RCWCJJMHL.jpg
348,136,B00000FYNY,75,Comedy,1960,Billy Wilder,USA,The Apartment [VHS],
349,90,B000006NWB,74,Western,1949,John Ford,USA,She Wore a Yellow Ribbon [VHS],http://ecx.images-amazon.com/images/I/51LaGVcJ1LL.jpg
350,33,B000005PF6,73,Action,1971,Tom Laughlin,USA,Billy Jack [VHS],http://ecx.images-amazon.com/images/I/21W6SJX3M8L.jpg
351,189,B00000JL40,72,Animation,1997,Satoshi Kon,Japan,Perfect Blue (Unrated) [VHS],http://ecx.images-amazon.com/images/I/51JWP3T9D0L.jpg
352,141,B00000FZ8B,71,Drama,1961,Stanley Kramer,USA,Judgment at Nuremberg [VHS],http://ecx.images-amazon.com/images/I/31UsNfOS5EL.jpg
353,180,B00000IQV1,70,Biography,1998,Tom Shadyac,USA,Patch Adams [VHS],http://ecx.images-amazon.com/images/I/41Y85CJR2QL.jpg
354,114,B00000F354,68,Action,1974,Michael Winner,USA,Death Wish [VHS],http://ecx.images-amazon.com/images/I/21RMVTXGDXL.jpg
355,49,B0000065ND,67,Comedy,1940,Howard Hawks,USA,His Girl Friday [VHS],http://ecx.images-amazon.com/images/I/51MBAS7CF7L.jpg
356,30,B00000493Q,66,Adventure,1937,Frank Capra,USA,Lost Horizon [VHS],http://ecx.images-amazon.com/images/I/41vdfrsVX7L.jpg
357,58,B0000068YJ,65,Drama,2004,John Lee Hancock,USA,The Alamo [VHS],http://ecx.images-amazon.com/images/I/5104jhXOr5L.jpg
358,32,B000005MN0,63,Adventure,1960,Ken Annakin,USA,Swiss Family Robinson [VHS],http://ecx.images-amazon.com/images/I/21SQW0Q5FSL.jpg
359,13,B000003NDB,61,Drama,1978,Franklin J. Schaffner,UK,The Boys From Brazil [VHS],http://ecx.images-amazon.com/images/I/21MCQPVVAQL.jpg
360,5,B0000039A6,60,Fantasy,1985,Jack Sholder,USA,A Nightmare On Elm Street 2: Freddy's Revenge [VHS],http://ecx.images-amazon.com/images/I/217DSR5TH8L.jpg
361,12,B000003KMM,59,Comedy,1989,David S. Ward,USA,Major League [VHS],http://ecx.images-amazon.com/images/I/216ZNZ7N0BL.jpg
362,44,B000005XPV,58,Drama,1959,Douglas Sirk,USA,Imitation of Life [VHS],http://ecx.images-amazon.com/images/I/21XX79MEK1L.jpg
363,35,B000005PJ6,57,Action,1985,,USA,Gauntlet [VHS],http://ecx.images-amazon.com/images/I/51KP87KZ3YL.jpg
364,154,B00000G3PK,56,Action,1987,Takashi Nishiyama,Japan,Avengers [VHS],http://ecx.images-amazon.com/images/I/51NY67TTZJL.jpg
365,101,B000007PPP,54,Comedy,1941,Frank Capra,USA,Meet John Doe [VHS],http://ecx.images-amazon.com/images/I/21SZ7W2PB0L.jpg
366,94,B000006RYN,53,Comedy,1988,Ron Shelton,USA,Bull Durham (LD NOT DVD),http://ecx.images-amazon.com/images/I/41oIEYd1BbL.jpg
367,3,B0000022JF,51,Comedy,1968,Robert Stevenson,USA,The Love Bug [VHS],http://ecx.images-amazon.com/images/I/51ZX4WP7X2L.jpg
368,4,B0000022RR,50,Drama,1960,David Swift,USA,Pollyanna [VHS],http://ecx.images-amazon.com/images/I/21H1GV6E9JL.jpg
369,24,B0000048PO,49,Drama,1992,James Ivory,UK,Howards End [VHS],http://ecx.images-amazon.com/images/I/21WRNSYH4YL.jpg
370,102,B000007TKT,48,Biography,1993,Trey Parker,USA,Cannibal! The Musical [VHS],http://ecx.images-amazon.com/images/I/51M97RMG9RL.jpg
371,77,B000006FS3,47,Adventure,1990,George Miller,USA,The NeverEnding Story II: The Next Chapter [VHS],http://ecx.images-amazon.com/images/I/21Z4CRTNEML.jpg
372,6,B0000039BK,46,Sci-Fi,1980,,USA,The Martian Chronicles [VHS],http://ecx.images-amazon.com/images/I/21YXYH19CHL.jpg
373,9,B000003KE0,45,Drama,1948,Anatole Litvak,USA,Sorry Wrong Number [VHS],http://ecx.images-amazon.com/images/I/41TNPT0287L.jpg
374,16,B00000406H,44,Adventure,1979,Carroll Ballard,USA,The Black Stallion [VHS],http://ecx.images-amazon.com/images/I/21HXWMYJ4FL.jpg
375,59,B00000692P,43,Drama,1968,Michael Anderson,USA,The Shoes of the Fisherman [VHS],http://ecx.images-amazon.com/images/I/518ZIyXE-zL.jpg
376,36,B000005PMG,42,Action,1991,Tony Scott,USA,Last Boy Scout [VHS],http://ecx.images-amazon.com/images/I/21HF55005WL.jpg
377,27,B0000048YM,41,Biography,1968,William Wyler,USA,Funny Girl [VHS],http://ecx.images-amazon.com/images/I/21H9JEGG2ZL.jpg
378,166,B00000IBUX,40,Drama,1998,Allan Arkush,USA,The Temptations,http://ecx.images-amazon.com/images/I/51NNF70NDEL.jpg
379,86,B000006H0R,39,Drama,1966,John Huston,USA,The Bible...In The Beginning [VHS],http://ecx.images-amazon.com/images/I/21D4DJ3SXNL.jpg
380,91,B000006O4Y,38,Comedy,1990,Tom Stoppard,UK,Rosencrantz & Guildenstern Are Dead [VHS],http://ecx.images-amazon.com/images/I/41MSVY2KYAL.jpg
381,54,B0000068BP,36,Action,1981,Michael Mann,USA,Thief [VHS],http://ecx.images-amazon.com/images/I/51ZuBVKMPiL.jpg
382,41,B000005QLP,35,Drama,1991,Robert Townsend,USA,The Five Heartbeats [VHS],http://ecx.images-amazon.com/images/I/51HVCNN5VVL.jpg
383,123,B00000F5S0,34,Action,1985,Guy Hamilton,USA,Remo Williams: The Adventure Begins [VHS],http://ecx.images-amazon.com/images/I/51QPfNbBE1L.jpg
384,48,B00000623Z,33,Action,1997,Bob Spiers,USA,That Darn Cat [VHS],http://ecx.images-amazon.com/images/I/21P7JP12N4L.jpg
385,7,B000003KCU,32,Adventure,1985,Joe Dante,USA,Explorers [VHS],http://ecx.images-amazon.com/images/I/411kTBEc1BL.jpg
386,179,B00000IQC6,31,Comedy,1968,Saul Swimmer,UK,Mrs. Brown,http://ecx.images-amazon.com/images/I/51mEUcWIogL.jpg
387,46,B000005ZN5,29,Action,1963,Nicholas Ray,USA,55 Days at Peking [VHS],http://ecx.images-amazon.com/images/I/21grPUmXWyL.jpg
388,83,B000006GST,28,Comedy,2015,,UK,Boys in the Band [VHS],http://ecx.images-amazon.com/images/I/210XHQ521RL.jpg
389,128,B00000F6MH,27,Crime,1958,Arthur Ripley,USA,Thunder Road [VHS],http://ecx.images-amazon.com/images/I/210H87WJ6BL.jpg
390,182,B00000JBJK,26,Action,1973,Robert Aldrich,USA,Emperor of the North [VHS],http://ecx.images-amazon.com/images/I/516Y7C0C36L.jpg
391,147,B00000G00V,25,Comedy,1963,Vittorio De Sica,Italy,"Yesterday, Today and Tomorrow [VHS]",http://ecx.images-amazon.com/images/I/313Q09HNMHL.gif
392,25,B0000048V8,24,Animation,1982,Dianne Jackson,UK,The Snowman [VHS],http://ecx.images-amazon.com/images/I/414YP94HVWL.jpg
393,78,B000006FXF,23,Adventure,1986,Michael Chapman,USA,The Clan of the Cave Bear [VHS],http://ecx.images-amazon.com/images/I/513FJYPT27L.jpg
394,173,B00000IO4H,22,Comedy,1998,Peter Chelsom,USA,The Mighty [VHS],http://ecx.images-amazon.com/images/I/51Q6HWJRVHL.jpg
395,167,B00000ICY6,21,Animation,1999,Danny Cannon,USA,Bjork - Volumen,http://ecx.images-amazon.com/images/I/511RM6CAMXL.jpg
396,14,B000003U12,20,Adult,1991,Gino Colbert,USA,Great Balls of Fire [VHS],http://ecx.images-amazon.com/images/I/21Q9JWEK1BL.jpg
397,104,B000009EI9,19,Animation,1978,Martin Rosen,UK,Watership Down [VHS],http://ecx.images-amazon.com/images/I/21oVgt5CzFL.jpg
398,132,B00000FCYX,18,Adventure,1982,Charlton Heston,USA,Mother Lode [VHS],http://ecx.images-amazon.com/images/I/215D1QFBN9L.jpg
399,186,B00000JGHO,17,Drama,1997,Theodore Witcher,USA,Love Jones,http://ecx.images-amazon.com/images/I/51FMMT3DZHL.jpg
400,100,B000007PAP,16,Action,1980,Sergio Corbucci,Italy,Super Fuzz [VHS],http://ecx.images-amazon.com/images/I/21MG6EK65GL.jpg
401,320,B00004W1F1,15,Animation,1998,Michel Ocelot,France,Kirikou and the Sorceress,http://ecx.images-amazon.com/images/I/5116HJG7TPL.jpg
402,139,B00000FZ1A,14,Adventure,1985,Michael Ray Rhodes,USA,The Fourth Wise Man [VHS],http://ecx.images-amazon.com/images/I/211GMNQA2FL.jpg
403,193,B00000JXVK,12,Documentary,1971,Bruce Brown,USA,On Any Sunday,http://ecx.images-amazon.com/images/I/51FE9BK6SSL.jpg
404,115,B00000F3NB,11,Short,2012,Esther Baker-Tarpaga,USA,Free To Be You and Me [VHS],
405,328,B00005B1W5,9,Documentary,1997,George Veras,USA,Yanni - Tribute,http://ecx.images-amazon.com/images/I/51jpIKq4HuL.jpg
406,163,B00000IBMH,8,Drama,1984,Alan Cooke,Yugoslavia,Nadia [VHS],http://ecx.images-amazon.com/images/I/5165FCEBGXL.jpg
407,50,B0000065O1,7,Sport,1993,Peter Care,UK,Cindy Crawford - The Next Challenge Workout [VHS],http://ecx.images-amazon.com/images/I/71G5X7M8DJL.gif
408,213,B000031VPW,5,Documentary,1999,Lawrence Jordan,USA,Dave Matthews Band - Listener Supported [VHS],http://ecx.images-amazon.com/images/I/71EEY0RPW9L.gif
